,eye movement trait,personality trait,p-value,t-value,low mean,high mean,low std,high std
0,count_len2,I,0.0363489427474,-2.31432099341,8.88888888889,15.8571428571,5.25462759014,6.81734482597
1,count_len2,height,0.0364660550204,2.29655774314,17.0,9.33333333333,8.07111250961,5.61248608016
