,id,gender,E,A,C,N,I,age,height,FB friends,whatsapp private week,self statement ,friend statement
Participant,,,,,,,,,,,,,
count_len1,,-0.289820324773,0.13066667314,0.00425685168848,0.257479480818,0.354012826543,-0.0976057111909,0.0478375860549,-0.00892005089802,-0.106134723097,-0.105358294977,-0.00364842114558,-0.086595373479
count_len2,,0.127793375413,0.117108379928,0.134964521533,0.34599834813,-0.304013280823,0.288801970792,-0.0741006726403,-0.351346222388,-0.113198190491,-0.207905902618,0.171992381601,0.157685071333
count_len3,,0.1001532441,-0.159462723252,-0.0722089961176,-0.408614669898,-0.0280728545973,-0.12829895056,0.0205761977892,0.242413314699,0.155362477966,0.205805083771,-0.127550213248,-0.036982944084
