,id,gender,E,A,C,N,I,age,height,FB friends,whatsapp private week,self statement ,friend statement
Participant,,,,,,,,,,,,,
count_len1,,-0.308076350605,0.159875943261,-0.0649441811961,0.147892337974,0.243328209229,-0.0209940507243,0.0247397077829,0.0652244582114,-0.0917330031681,-0.11418840098,0.0665407431078,-0.0102336738769
count_len2,,0.12876932542,0.1230215523,0.0802868296377,0.248722931934,-0.322515986021,0.326902814751,-0.0925553681792,-0.306432481914,-0.0992748812088,-0.218930806794,0.224755935852,0.213307038979
count_len3,,0.121156873572,-0.186978978352,0.019385422571,-0.254200850415,0.0679593294721,-0.208099143021,0.0494928300748,0.141282982077,0.134248869817,0.216091527148,-0.211309145826,-0.129661679203
