,eye movement trait,personality trait,p-value,t-value,low mean,high mean,low std,high std
0,"eyes+eyebrows, none",E,0.0363775867184,-2.24308127641,0.181818181818,3.0,0.404519917478,4.14728827067
1,"eyes+eyebrows, none",I,0.039154730958,-2.19981813825,0.230769230769,2.8,0.599144689515,4.18462795373
2,"mouth+chin, eyes+eyebrows",height,0.00733391292915,3.00170935315,3.83333333333,1.44444444444,2.03752672412,1.42400062422
3,"nose+cheeks, none",age,0.0134597380064,-2.72443778742,0.1875,1.0,0.403112887415,1.0
4,"nose+cheeks, none",height,0.000628787026776,-4.086533723,0.0833333333333,1.0,0.288675134595,0.707106781187
5,"nose+cheeks, mouth+chin",E,0.025330957136,2.41688769988,3.09090909091,0.636363636364,3.26969556548,0.809039834956
6,"forehead, nose+cheeks",age,0.00580937048207,-3.10657265339,0.0,0.4,0.0,0.547722557505
7,"forehead, nose+cheeks",friend statement,0.0494892870455,-2.11510855762,0.0,0.25,0.0,0.5
