,eye movement trait,personality trait,p-value,t-value,low mean,high mean,low std,high std
0,eyes+eyebrows,E,0.0149691797458,-2.66202622109,1.27272727273,5.27272727273,1.34839972493,4.79772673442
