,id,gender,E,A,C,N,I,age,height,FB friends,whatsapp private week,self statement ,friend statement
Participant,,,,,,,,,,,,,
eyes+eyebrows,,0.0467046032955,0.383655872679,0.028171117398,0.0652323305669,-0.270471644982,0.243928437755,0.0203717117618,-0.257732575533,0.133526006049,-0.109506899562,-0.215347926194,0.00824076316077
mouth+chin,,-0.20569042364,-0.262594704795,-0.0494901196553,0.0358264694358,0.217168799557,-0.199648113835,-0.147907985324,0.179043409642,-0.102179560612,-0.0411811168655,0.129514529572,-0.34042188941
nose+cheeks,,0.215070370702,-0.0277416425066,0.0341711713337,-0.120862043205,-0.0181257809912,0.0362387904619,0.164095508854,0.0134897132046,-0.0140369409805,0.155255684057,0.0428367462306,0.421257068482
forehead,,-0.0359558732648,-0.18186791576,0.0566086680006,0.24404856349,0.0372597866538,-0.320290005676,-0.115010926557,0.171329586975,-0.103884516359,-0.191276002027,0.0403762045514,0.13957263156
Most common pattern,,,,,,,,,,,,,
Most common consistency,,-0.102316289936,-0.149439491597,0.240943373044,0.218637858576,0.227469118268,-0.156535938408,0.157626767024,-0.0687829058121,-0.0909071919957,-0.225576794982,0.0375166746894,-0.162758185057
General consistency,,-0.11618408146,-0.175395864253,0.198531708137,0.155320177727,0.276948716265,-0.169500325929,0.137394709871,0.0336864215916,-0.0898276952258,-0.178109369154,0.0606618883182,-0.187852992897
