,eye movement trait,personality trait,p-value,t-value,low mean,high mean,low std,high std
0,"forehead, nose+cheeks",age,0.00768541214031,-3.0,0.0,0.4,0.0,0.547722557505
1,"forehead, nose+cheeks",friend statement,0.0252292018089,-2.48525060874,0.0,0.333333333333,0.0,0.57735026919
2,"mouth+chin, eyes+eyebrows",height,0.00573347825797,3.1588089537,3.83333333333,1.14285714286,2.03752672412,1.21498579259
3,"nose+cheeks, mouth+chin",E,0.0369615404258,2.24372624722,3.09090909091,0.7,3.26969556548,0.823272602349
4,"nose+cheeks, mouth+chin",friend statement,0.0373708469997,-2.28386206631,1.07142857143,4.33333333333,1.32805732698,5.13160143945
5,"nose+cheeks, none",age,0.00813698173824,-2.97372212149,0.133333333333,1.0,0.351865775274,1.0
6,"nose+cheeks, none",height,0.00228714495578,-3.58396169694,0.0833333333333,1.0,0.288675134595,0.816496580928
7,"none, none",self statement ,0.0418611055143,-2.19089023002,0.0,0.25,0.0,0.5
