,eye movement trait,personality trait,p-value,t-value,low mean,high mean,low std,high std
0,eyes+eyebrows,E,0.00962444275236,-2.87839929673,2.72727272727,12.9,1.95401684184,11.5705565025
1,nose+cheeks,friend statement,0.0221552588691,-2.55097142164,18.0714285714,31.3333333333,8.62433306866,4.16333199893
2,none,self statement ,0.0418611055143,-2.19089023002,0.0,0.25,0.0,0.5
3,Most common consistency,E,0.0429929676233,2.16883028005,0.68041958042,0.556301659125,0.131956763421,0.12988007947
4,General consistency,E,0.0476456641524,2.11735368272,15.3444841984,12.8544777036,2.8898936235,2.45230117971
