,id,gender,E,A,C,N,I,age,height,FB friends,whatsapp private week,self statement ,friend statement
Participant,,,,,,,,,,,,,
eyes+eyebrows,,-0.0406200418014,0.59518275546,0.00102907468817,0.071271846609,-0.130398704921,0.29808658251,0.183670294772,-0.0329512212743,0.247289523541,0.167069799618,-0.378783238779,0.0
mouth+chin,,-0.0983061062719,-0.310970817634,0.0463475014087,0.0967813413767,0.118784276536,-0.197696076468,-0.215734286186,-0.0405617729069,-0.174877990913,-0.0448122731847,0.222243245773,-0.296522052067
nose+cheeks,,0.167167754851,-0.239574249748,-0.026263326037,-0.223095674558,0.00281509980043,-0.0953896128149,0.0708334101925,0.0836362674576,-0.00776530121617,-0.123133486949,0.0954928128566,0.382024475038
forehead,,-0.0236690534166,-0.0985646346976,0.282755448833,0.062470320525,-0.0411387772982,0.0756875632609,0.333913548452,-0.024551430807,-0.0320695944433,-0.199449724786,-0.0400366216602,0.283473354757
none,,0.168709804405,-0.247378646358,-0.180834190272,-0.0224450069622,-0.0599075369455,0.0539490691449,-0.0793363503758,0.0991662534748,-0.231541232672,0.0753484678828,0.285375612217,0.0898026510134
Most common pattern,,,,,,,,,,,,,
Most common consistency,,-0.206529579346,-0.354957013064,0.202648898114,0.0941698922719,0.305245038634,-0.394103790566,-0.0607777782366,0.250767290858,-0.105689511775,-0.236967423748,0.0685476147043,-0.0865438978089
General consistency,,-0.205860426583,-0.363212834914,0.22148656668,0.035874752841,0.274730415906,-0.367673070092,-0.133341211851,0.246403043506,-0.0640714275156,-0.208248923449,0.0839863017067,-0.121640844497
