,eye movement trait,personality trait,p-value,t-value,low mean,high mean,low std,high std
0,eyes+eyebrows,E,0.005420521248,-3.11787404553,2.72727272727,13.2727272727,1.95401684184,11.0461840388
1,nose+cheeks,friend statement,0.0119270659476,-2.81483072946,18.0,30.25,8.3152184062,4.03112887415
2,Most common consistency,E,0.031914736528,2.30649381867,0.68041958042,0.554819690114,0.131956763421,0.123313057267
3,General consistency,E,0.0319941532378,2.30529586793,15.3444841984,12.7557617574,2.8898936235,2.34938208614
