,id,gender,E,A,C,N,I,age,height,FB friends,whatsapp private week,self statement ,friend statement
Participant,,,,,,,,,,,,,
eyes+eyebrows,,0.0877479576103,0.526202390579,0.0589274946818,0.0954644116007,-0.236400088657,0.313658891835,0.103365337016,-0.25435251046,0.242011937391,0.0396206014429,-0.312075565304,0.0405267733658
forehead,,-0.131221719457,-0.215683416857,0.185222682401,0.0759489580706,0.0390325784813,-0.122732775834,0.231577824764,0.137803342572,-0.0987363638963,-0.306063095477,0.105010762516,0.316162718651
mouth+chin,,-0.169327542217,-0.299802578424,-0.0219467170819,0.0550085292135,0.155574196789,-0.198489336462,-0.244418722993,0.100038082068,-0.167415767059,-0.0411794793796,0.217000811867,-0.356497096672
nose+cheeks,,0.142302251515,-0.0960719423352,-0.0153360468041,-0.181298669295,0.0206746744662,-0.0379807943343,0.226008400927,0.115775477183,-0.0121595938816,0.022583639161,-0.00628829050717,0.444977134166
none,,0.162385862553,-0.244159680694,-0.196660871455,-0.0309062960744,-0.0685693029088,0.0587606054101,-0.0799105502476,0.131980488424,-0.234337616408,0.0772744002681,0.308590957496,0.0969762275753
Most common pattern,,,,,,,,,,,,,
Most common consistency,,-0.217138114643,-0.36885431456,0.174552865645,0.074615835563,0.322696298248,-0.311971400421,0.0865278912258,0.252089833579,-0.23468594085,-0.326194692237,0.100092600941,-0.0318332170763
General consistency,,-0.265094053637,-0.349313681262,0.138287483044,0.0425105910008,0.305556088145,-0.30983114474,0.0544508710416,0.302092003347,-0.165840813085,-0.29732688013,0.0848084053391,-0.12090429814
