,eye movement trait,personality trait,p-value,t-value,low mean,high mean,low std,high std
0,"mouth+chin, nose+cheeks",N,0.0284334738237,-2.36191598216,1.72727272727,5.09090909091,1.7939291564,4.36931448753
1,"mouth+chin, nose+cheeks",height,0.0483244635067,-2.1273699314,2.08333333333,4.85714285714,2.42930342928,3.23669437485
2,"eyes+eyebrows, none",E,0.0488313352305,-2.10496808049,0.0,2.9,0.0,4.58136321294
3,"nose+cheeks, none",friend statement,0.00681154274245,-3.13504261389,0.0714285714286,1.66666666667,0.267261241912,2.08166599947
