,eye movement trait,personality trait,p-value,t-value,low mean,high mean,low std,high std
0,"mouth+chin, eyes+eyebrows",height,0.024174597038,2.44948974278,3.33333333333,1.0,2.64001836541,1.22474487139
1,"mouth+chin, eyes+eyebrows",friend statement,0.0411025258159,2.21005947235,3.46666666667,0.5,2.61497518881,0.57735026919
2,"mouth+chin, nose+cheeks",E,0.0492488379594,2.09354639498,7.0,2.72727272727,5.40370243444,4.07654042273
3,"mouth+chin, nose+cheeks",N,0.0181456206225,-2.56243593922,1.58333333333,5.09090909091,1.78164037455,4.36931448753
4,"eyes+eyebrows, none",E,0.0261310786866,-2.402136182,0.0,3.27272727273,0.0,4.51864822908
5,"eyes+eyebrows, none",I,0.0494993496061,-2.08461785481,0.461538461538,3.2,1.19828937903,4.56557164487
6,"nose+cheeks, none",friend statement,0.0212896995313,-2.53657086559,0.0666666666667,1.25,0.258198889747,1.8929694486
7,Most common consistency,I,0.047841379777,-2.1015208259,0.486234817814,0.600789473684,0.105581502425,0.15596308684
